{
    "tags": {
        "allowUnknownTags": true
    },
    "source": {
        "include": ["./js/src"],
        "includePattern": "common.concat.js$", //".+\\.js(doc)?$",
        "excludePattern": "(^|\\/|\\\\)_"
    },
    "plugins": [],
    "templates": {
        "cleverLinks": false,
        "monospaceLinks": false,
        "default": {
            "outputSourceFiles": true
        }
    },
    "opts": {
        "template": "templates/danyg",
        "encoding": "utf8",
        "destination": "./js/docs",
        "recurse": true,
        "private": true
    }
}
